{"cameraMode":{"drawMode":0,"name":"Shaded","section":"Shading Mode"},"sceneLighting":true,"audioPlay":false,"sceneViewState":{"showFog":false,"showMaterialUpdate":false,"showSkybox":false,"showFlares":false,"showImageEffects":false,"showParticleSystems":true},"in2DMode":false,"pivot":{"x":0.214991495013237,"y":1.028847575187683,"z":-0.3704450726509094},"rotation":{"x":0.27275705337524416,"y":-0.5481514930725098,"z":0.19513578712940217,"w":0.76619553565979},"size":2.329909324645996,"orthographic":false}